Date,Open,High,Low,Close,Volume,Adj Close
05/10/2016,57.290001,57.959999,57.259998,57.639999,16701000,57.639999
04/10/2016,57.27,57.599998,56.970001,57.240002,20085900,57.240002
03/10/2016,57.41,57.549999,57.060001,57.419998,19189500,57.419998
30/09/2016,57.57,57.77,57.34,57.599998,29910800,57.599998
29/09/2016,57.810001,58.169998,57.209999,57.400002,25463500,57.400002
28/09/2016,57.880001,58.060001,57.669998,58.029999,20536400,58.029999
27/09/2016,56.93,58.060001,56.68,57.950001,28065100,57.950001
26/09/2016,57.080002,57.139999,56.830002,56.900002,21688700,56.900002
23/09/2016,57.869999,57.91,57.380001,57.43,19955300,57.43
22/09/2016,57.919998,58,57.630001,57.82,19822200,57.82
21/09/2016,57.509998,57.849998,57.080002,57.759998,33707300,57.759998
20/09/2016,57.349998,57.349998,56.75,56.810001,17384000,56.810001
19/09/2016,57.27,57.75,56.849998,56.93,20937100,56.93
16/09/2016,57.630001,57.630001,56.75,57.25,44607000,57.25
15/09/2016,56.150002,57.349998,55.98,57.189999,26847000,57.189999
14/09/2016,56.389999,56.630001,56.029999,56.259998,24062500,56.259998
13/09/2016,56.5,56.650002,56.049999,56.529999,30130200,56.529999
12/09/2016,56,57.209999,55.610001,57.049999,29303000,57.049999
09/09/2016,56.790001,57.52,56.209999,56.209999,35113900,56.209999
08/09/2016,57.630001,57.790001,57.18,57.43,20146100,57.43
07/09/2016,57.470001,57.84,57.41,57.66,17493400,57.66
06/09/2016,57.779999,57.799999,57.209999,57.610001,16278400,57.610001
02/09/2016,57.669998,58.189999,57.419998,57.669998,18900500,57.669998
01/09/2016,57.009998,57.82,57.009998,57.59,26075400,57.59
31/08/2016,57.650002,57.799999,57.299999,57.459999,20860300,57.459999
30/08/2016,57.98,58.189999,57.610001,57.889999,16930200,57.889999
29/08/2016,58.18,58.599998,58.099998,58.099998,16417200,58.099998
26/08/2016,58.279999,58.700001,57.689999,58.029999,20971200,58.029999
25/08/2016,57.880001,58.290001,57.779999,58.169998,18552600,58.169998
24/08/2016,57.799999,58.040001,57.720001,57.950001,18151500,57.950001
23/08/2016,57.900002,58.18,57.849998,57.889999,18732400,57.889999
22/08/2016,57.599998,57.75,57.259998,57.669998,15221900,57.669998
19/08/2016,57.43,57.73,57.200001,57.619999,17271000,57.619999
18/08/2016,57.419998,57.700001,57.27,57.599998,14214300,57.599998
17/08/2016,57.540001,57.68,57.23,57.560001,18856400,57.560001
16/08/2016,57.610001,57.619999,57.27,57.439999,20523500,57.439999
15/08/2016,58.009998,58.5,57.959999,58.119999,19283900,57.76
12/08/2016,58.029999,58.189999,57.619999,57.939999,21655200,57.581115
11/08/2016,58.029999,58.450001,58.029999,58.299999,18162300,57.938886
10/08/2016,58.16,58.32,57.82,58.02,15756900,57.660621
09/08/2016,58.169998,58.5,58.02,58.200001,16920700,57.839507
08/08/2016,58.060001,58.09,57.779999,58.060001,19473500,57.700375
05/08/2016,57.650002,58.209999,57.450001,57.959999,29335200,57.600992
04/08/2016,56.799999,57.52,56.669998,57.389999,26587700,57.034523
03/08/2016,56.68,57.110001,56.490002,56.970001,22075600,56.617126
02/08/2016,56.849998,56.900002,56.310001,56.580002,35122000,56.229542
01/08/2016,56.599998,56.75,56.139999,56.580002,26003400,56.229542
29/07/2016,56.259998,56.759998,56.049999,56.68,30558700,56.328921
28/07/2016,56,56.369999,55.720001,56.209999,37550400,55.861831
27/07/2016,56.610001,56.799999,56.110001,56.189999,32327500,55.841955
26/07/2016,56.52,57.290001,56.509998,56.759998,28079000,56.408424
25/07/2016,56.470001,56.740002,56.259998,56.73,25610600,56.378611
22/07/2016,56.080002,56.630001,55.779999,56.57,32157200,56.219602
21/07/2016,55.98,56.23,55.759998,55.799999,32776700,55.454371
20/07/2016,56.150002,56.84,55.529999,55.91,89893300,55.56369
19/07/2016,53.709999,53.900002,52.93,53.09,53336500,52.761158
18/07/2016,53.700001,54.34,53.549999,53.959999,31433900,53.625768
15/07/2016,53.950001,54,53.209999,53.700001,32024400,53.36738
14/07/2016,53.84,53.990002,53.580002,53.740002,24545500,53.407133
13/07/2016,53.560001,53.860001,53.18,53.509998,25356800,53.178554
12/07/2016,52.939999,53.400002,52.790001,53.209999,27317600,52.880413
11/07/2016,52.5,52.830002,52.470001,52.59,22269200,52.264255
08/07/2016,51.73,52.360001,51.549999,52.299999,28391000,51.97605
07/07/2016,51.419998,51.610001,51.07,51.380001,19585200,51.061751
06/07/2016,50.779999,51.540001,50.389999,51.380001,28167500,51.061751
05/07/2016,50.830002,51.279999,50.740002,51.169998,24806400,50.853048
01/07/2016,51.130001,51.720001,51.07,51.16,21400400,50.843112
30/06/2016,50.720001,51.299999,50.5,51.169998,28527800,50.853048
29/06/2016,49.91,50.720001,49.799999,50.540001,31304000,50.226953
28/06/2016,48.919998,49.470001,48.669998,49.439999,38140700,49.133765
27/06/2016,49.099998,49.150002,48.040001,48.43,50216300,48.130022
24/06/2016,49.810001,50.939999,49.52,49.830002,133503000,49.521352
23/06/2016,51.279999,52.060001,51.150002,51.91,29028800,51.588466
22/06/2016,51.080002,51.459999,50.950001,50.990002,28816800,50.674167
21/06/2016,50.200001,51.43,50.16,51.189999,34097800,50.872925
20/06/2016,50.639999,50.830002,50.029999,50.07,35607900,49.759863
17/06/2016,50.41,50.43,49.82,50.130001,45710500,49.819493
16/06/2016,49.52,50.470001,49.509998,50.389999,31188600,50.077881
15/06/2016,49.779999,50.119999,49.689999,49.689999,33757600,49.382216
14/06/2016,49.900002,50.099998,49.57,49.830002,42577100,49.521352
13/06/2016,49.580002,50.720001,49.060001,50.139999,83217800,49.829429
10/06/2016,51.049999,52.049999,51.040001,51.48,25833200,51.16113
09/06/2016,52,52,51.490002,51.619999,20305700,51.300262
08/06/2016,52.02,52.439999,51.869999,52.040001,21149400,51.717662
07/06/2016,52.240002,52.73,52.099998,52.099998,20866800,51.777288
06/06/2016,51.990002,52.349998,51.889999,52.130001,18243300,51.807105
03/06/2016,52.380001,52.419998,51.599998,51.790001,23368300,51.469211
02/06/2016,52.639999,52.740002,51.84,52.48,22840800,52.154936
01/06/2016,52.439999,52.950001,52.439999,52.849998,25324800,52.522643
31/05/2016,52.259998,53,52.080002,53,37653100,52.671715
27/05/2016,51.919998,52.32,51.77,52.32,17721400,51.995927
26/05/2016,51.93,51.98,51.360001,51.889999,24335200,51.56859
25/05/2016,51.919998,52.490002,51.790001,52.119999,24040200,51.797165
24/05/2016,50.700001,51.709999,50.400002,51.59,34757900,51.270449
23/05/2016,50.599998,50.68,49.98,50.029999,26118700,49.72011
20/05/2016,50.48,51.220001,50.400002,50.619999,23905800,50.306456
19/05/2016,50.470001,50.619999,49.82,50.32,23842400,50.008315
18/05/2016,50.48,51.139999,50.299999,50.810001,24907500,50.495281
17/05/2016,51.720001,51.73,50.360001,50.509998,27803500,50.197137
16/05/2016,50.799999,51.959999,50.75,51.830002,20032000,51.151191
13/05/2016,51.439999,51.900002,51.040001,51.080002,22592300,50.411014
12/05/2016,51.200001,51.810001,50.919998,51.509998,24102800,50.835379
11/05/2016,51.130001,51.779999,51,51.049999,24039100,50.381404
10/05/2016,50.330002,51.099998,50.189999,51.02,22891000,50.351798
09/05/2016,50.490002,50.59,50,50.07,17951600,49.414239
06/05/2016,49.919998,50.389999,49.66,50.389999,24787300,49.730048
05/05/2016,49.869999,50.299999,49.73,49.939999,25390700,49.285941
04/05/2016,49.84,50.060001,49.459999,49.869999,24257600,49.216858
03/05/2016,50.34,50.41,49.599998,49.779999,26460200,49.128037
02/05/2016,50,50.75,49.779999,50.610001,33114500,49.947168
29/04/2016,49.349998,50.25,49.349998,49.869999,48411700,49.216858
28/04/2016,50.619999,50.77,49.560001,49.900002,43134800,49.246468
27/04/2016,51.48,51.5,50.549999,50.939999,43369300,50.272844
26/04/2016,52.259998,52.349998,51.09,51.439999,33532600,50.766296
25/04/2016,51.779999,52.130001,51.630001,52.110001,33226900,51.427523
22/04/2016,51.91,52.43,50.77,51.779999,126834100,51.101843
21/04/2016,55.799999,56.23,55.419998,55.779999,38909100,55.049455
20/04/2016,56.290001,56.5,55.490002,55.59,36195700,54.861945
19/04/2016,56.630001,56.77,55.68,56.389999,29596800,55.651467
18/04/2016,55.490002,56.59,55.209999,56.459999,23786000,55.72055
15/04/2016,55.299999,55.919998,55.110001,55.650002,28793800,54.921161
14/04/2016,55.220001,55.580002,55.07,55.360001,20877100,54.634958
13/04/2016,55.119999,55.439999,54.889999,55.349998,20818000,54.625087
12/04/2016,54.369999,54.779999,53.759998,54.650002,24944300,53.934258
11/04/2016,54.490002,55.150002,54.299999,54.310001,21414200,53.59871
08/04/2016,54.669998,55.279999,54.32,54.419998,22167200,53.707267
07/04/2016,54.869999,54.91,54.23,54.459999,19225100,53.746744
06/04/2016,54.360001,55.200001,54.209999,55.119999,21188700,54.3981
05/04/2016,55.189999,55.299999,54.459999,54.560001,19272300,53.845436
04/04/2016,55.43,55.66,55,55.43,18928800,54.704041
01/04/2016,55.049999,55.610001,54.57,55.57,24399200,54.842207
31/03/2016,54.950001,55.59,54.860001,55.23,26360500,54.506659
30/03/2016,54.93,55.639999,54.900002,55.049999,23008300,54.329017
29/03/2016,53.66,54.860001,53.450001,54.709999,23924300,53.993469
28/03/2016,54.209999,54.290001,53.330002,53.540001,17025100,52.838795
24/03/2016,53.84,54.330002,53.73,54.209999,19950000,53.500018
23/03/2016,54.110001,54.240002,53.740002,53.970001,20129000,53.263163
22/03/2016,53.610001,54.25,53.459999,54.07,23124100,53.361852
21/03/2016,53.25,53.93,52.93,53.860001,23925700,53.154603
18/03/2016,54.919998,54.970001,53.450001,53.490002,67625500,52.78945
17/03/2016,54.209999,55,54,54.66,28223900,53.944125
16/03/2016,53.450001,54.599998,53.400002,54.349998,31691700,53.638184
15/03/2016,52.75,53.59,52.740002,53.59,21104800,52.888139
14/03/2016,52.709999,53.59,52.630001,53.169998,24083600,52.473638
11/03/2016,53,53.07,52.380001,53.07,32275700,52.374949
10/03/2016,52.93,52.939999,51.16,52.049999,38387800,51.368307
09/03/2016,51.889999,52.849998,51.860001,52.84,28251600,52.147962
08/03/2016,50.799999,52.130001,50.599998,51.650002,33835100,50.973548
07/03/2016,51.560001,51.799999,50.580002,51.029999,38407800,50.361666
04/03/2016,52.400002,52.450001,51.709999,52.029999,33034200,51.348569
03/03/2016,52.970001,52.970001,51.779999,52.349998,24427800,51.664377
02/03/2016,52.41,52.959999,52.16,52.950001,29289900,52.256522
01/03/2016,50.970001,52.59,50.919998,52.580002,33024500,51.891368
29/02/2016,51.349998,51.650002,50.66,50.880001,31654000,50.213632
26/02/2016,52.599998,52.68,51.099998,51.299999,35975900,50.62813
25/02/2016,51.73,52.099998,50.610001,52.099998,26939500,51.417652
24/02/2016,50.689999,51.5,50.200001,51.360001,33014500,50.687345
23/02/2016,52.34,52.369999,50.98,51.18,28895300,50.509703
22/02/2016,52.279999,53,52.279999,52.650002,25008300,51.960451
19/02/2016,51.970001,52.279999,51.529999,51.82,33559100,51.14132
18/02/2016,52.330002,52.950001,52.099998,52.189999,27176000,51.506473
17/02/2016,51.490002,52.77,51.450001,52.419998,40789000,51.73346
16/02/2016,50.900002,51.09,50.130001,51.09,37291200,50.420881
12/02/2016,50.25,50.68,49.75,50.5,34243300,49.483325
11/02/2016,48.68,50.110001,48.509998,49.689999,48878600,48.68963
10/02/2016,49.889999,50.389999,49.52,49.709999,38237000,48.709228
09/02/2016,49.02,50.240002,48.669998,49.279999,46740500,48.287885
08/02/2016,49.549999,49.57,48.189999,49.41,59290500,48.415269
05/02/2016,51.939999,52,49.560001,50.16,62009000,49.150169
04/02/2016,52.099998,52.810001,51.369999,52,46987100,50.953126
03/02/2016,53.25,53.389999,51.259998,52.16,57559800,51.109905
02/02/2016,54.169998,54.259998,52.650002,53,56313800,51.932994
01/02/2016,54.880001,55.09,54.5,54.709999,44208500,53.608567
29/01/2016,54.73,55.09,54,55.09,83611700,53.980918
28/01/2016,51.860001,52.209999,51.25,52.060001,62513800,51.01192
27/01/2016,52.009998,52.200001,51.02,51.220001,36775200,50.188831
26/01/2016,51.790001,52.439999,51.549999,52.169998,28900800,51.119702
25/01/2016,51.939999,52.650002,51.650002,51.790001,34707700,50.747355
22/01/2016,51.41,52.330002,51.259998,52.290001,37555800,51.237289
21/01/2016,51,51.580002,50.299999,50.48,40191200,49.463727
20/01/2016,49.98,51.380001,49.099998,50.790001,63273000,49.767487
19/01/2016,51.48,51.68,50.060001,50.560001,43564500,49.542118
15/01/2016,51.310001,51.970001,50.34,50.990002,71820700,49.963462
14/01/2016,52,53.419998,51.57,53.110001,52381900,52.04078
13/01/2016,53.799999,54.07,51.299999,51.639999,66883600,50.600373
12/01/2016,52.759998,53.099998,52.060001,52.779999,36095500,51.717422
11/01/2016,52.509998,52.849998,51.459999,52.299999,36943800,51.247086
08/01/2016,52.369999,53.279999,52.150002,52.330002,48754000,51.276485
07/01/2016,52.700001,53.490002,52.07,52.169998,56564900,51.119702
06/01/2016,54.32,54.400002,53.639999,54.049999,39518900,52.961855
05/01/2016,54.93,55.389999,54.540001,55.049999,34079700,53.941723
04/01/2016,54.32,54.799999,53.389999,54.799999,53778000,53.696756
31/12/2015,56.040001,56.189999,55.419998,55.48,27334100,54.363066
30/12/2015,56.470001,56.779999,56.290001,56.310001,21704500,55.176358
29/12/2015,56.290001,56.849998,56.060001,56.549999,27731400,55.411524
28/12/2015,55.349998,55.950001,54.98,55.950001,22458300,54.823605
24/12/2015,55.860001,55.959999,55.43,55.669998,9570000,54.54924
23/12/2015,55.700001,55.880001,55.439999,55.82,27279800,54.696221
22/12/2015,54.990002,55.48,54.5,55.349998,28322200,54.235682
21/12/2015,54.880001,55.349998,54.23,54.830002,37246300,53.726154
18/12/2015,55.77,56,54.029999,54.130001,84684200,53.040246
17/12/2015,56.360001,56.790001,55.529999,55.700001,41280900,54.578638
16/12/2015,55.540001,56.25,54.759998,56.130001,37503300,54.999982
15/12/2015,55.66,55.900002,55.09,55.200001,39459000,54.088704
14/12/2015,54.330002,55.209999,53.68,55.139999,46768900,54.029911
11/12/2015,54.709999,55.099998,54.009998,54.060001,39549500,52.971655
10/12/2015,55.389999,55.66,55.009998,55.27,31775800,54.157295
09/12/2015,55.369999,55.869999,54.509998,54.98,36373200,53.873132
08/12/2015,55.470001,56.099998,54.990002,55.790001,32878000,54.666826
07/12/2015,55.790001,55.970001,55.290001,55.810001,30709800,54.686424
04/12/2015,54.119999,56.23,54.099998,55.91,43963700,54.784409
03/12/2015,55.490002,55.77,53.93,54.200001,38627800,53.108836
02/12/2015,55.32,55.959999,55.060001,55.209999,47274900,54.098501
01/12/2015,54.41,55.23,54.299999,55.220001,39952800,54.108302
30/11/2015,54.540001,54.959999,54,54.349998,56241400,53.255814
27/11/2015,53.799999,54.080002,53.790001,53.93,9009100,52.844272
25/11/2015,54.09,54.23,53.689999,53.689999,21005100,52.609102
24/11/2015,53.919998,54.439999,53.580002,54.25,24600000,53.157829
23/11/2015,54.25,54.459999,53.75,54.189999,28235900,53.099036
20/11/2015,54.25,54.299999,53.27,54.189999,37147600,53.099036
19/11/2015,53.990002,54.66,53.779999,53.939999,28149200,52.854069
18/11/2015,53,53.98,52.98,53.849998,29710000,52.76588
17/11/2015,53.169998,53.529999,52.849998,52.970001,31551300,51.903599
16/11/2015,53.080002,53.889999,52.849998,53.77,32165200,52.334741
13/11/2015,53.07,53.290001,52.529999,52.84,36848200,51.429565
12/11/2015,53.48,53.98,53.189999,53.32,35361100,51.896752
11/11/2015,53.700001,54.200001,53.459999,53.650002,36516300,52.217945
10/11/2015,54.07,54.130001,53.27,53.509998,55283700,52.081679
09/11/2015,54.549999,54.869999,53.560001,54.16,32513100,52.71433
06/11/2015,54.09,54.98,53.959999,54.919998,32851200,53.454042
05/11/2015,54.490002,54.700001,54,54.380001,31468500,52.928459
04/11/2015,54.18,54.880001,54.060001,54.400002,37087800,52.947926
03/11/2015,52.93,54.389999,52.900002,54.150002,36596900,52.704599
02/11/2015,52.849998,53.360001,52.619999,53.240002,30285000,51.818889
30/10/2015,53.32,53.990002,52.619999,52.639999,46619800,51.234903
29/10/2015,53.540001,53.830002,53.220001,53.360001,30202100,51.935685
28/10/2015,53.540001,53.98,52.860001,53.98,47000800,52.539135
27/10/2015,53.990002,54.369999,53.580002,53.689999,50999900,52.256875
26/10/2015,52.529999,54.32,52.5,54.25,64633300,52.801928
23/10/2015,52.299999,54.07,52.25,52.869999,135227100,51.458763
22/10/2015,47.529999,48.950001,47.09,48.029999,56637100,46.747955
21/10/2015,47.919998,47.990002,47.110001,47.200001,25144300,45.940111
20/10/2015,47.439999,47.810001,47.02,47.77,30802200,46.494896
19/10/2015,47.419998,47.880001,47.02,47.619999,29387600,46.348899
16/10/2015,47.02,47.540001,46.900002,47.509998,25779300,46.241834
15/10/2015,47.009998,47.029999,46.529999,47.009998,27189400,45.755181
14/10/2015,46.650002,47.099998,46.529999,46.68,24697800,45.433991
13/10/2015,46.560001,47.130001,46.560001,46.889999,19987800,45.638385
12/10/2015,46.98,47.07,46.5,47,19769100,45.745449
09/10/2015,47.450001,47.540001,46.919998,47.110001,28600600,45.852514
08/10/2015,46.560001,47.52,46.5,47.450001,33772700,46.183438
07/10/2015,47.099998,47.349998,45.950001,46.799999,27711500,45.550787
06/10/2015,46.330002,47.18,46.220001,46.75,27510800,45.502122
05/10/2015,45.75,46.889999,45.700001,46.630001,34369300,45.385327
02/10/2015,44.27,45.57,43.919998,45.57,41839000,44.353619
01/10/2015,44.75,44.75,43.75,44.610001,28657900,43.419245
30/09/2015,43.880001,44.299999,43.66,44.259998,34958900,43.078585
29/09/2015,43.369999,43.57,43.049999,43.439999,32763600,42.280473
28/09/2015,43.830002,44.09,43.209999,43.290001,27613800,42.13448
25/09/2015,44.48,44.73,43.759998,43.939999,29384600,42.767127
24/09/2015,43.450001,44.130001,43.27,43.91,27905600,42.737929
23/09/2015,43.93,44.169998,43.509998,43.869999,17145200,42.698996
22/09/2015,43.380001,44.049999,43.310001,43.900002,28085900,42.728198
21/09/2015,43.619999,44.470001,43.599998,44.110001,26177200,42.932591
18/09/2015,43.5,43.990002,43.330002,43.48,63143700,42.319407
17/09/2015,44.290001,45,44.080002,44.25,32768200,43.068854
16/09/2015,43.970001,44.380001,43.84,44.299999,23372200,43.117518
15/09/2015,43.189999,44.290001,43.080002,43.98,28882200,42.80606
14/09/2015,43.43,43.439999,42.860001,43.040001,23656000,41.891153
11/09/2015,43.139999,43.59,42.939999,43.48,27132500,42.319407
10/09/2015,43.119999,43.790001,42.75,43.290001,31366600,42.13448
09/09/2015,44.209999,44.400002,42.91,43.07,33469500,41.920351
08/09/2015,43.299999,44,43.200001,43.889999,32469800,42.718463
04/09/2015,42.810001,43.040001,42.200001,42.610001,37138800,41.47263
03/09/2015,43.41,43.98,43.279999,43.5,28285200,42.338873
02/09/2015,42.360001,43.380001,41.880001,43.360001,37671500,42.202611
01/09/2015,42.169998,42.59,41.66,41.82,49688900,40.703716
31/08/2015,43.560001,43.93,43.099998,43.52,34441700,42.35834
28/08/2015,43.400002,44.150002,43.389999,43.93,28246700,42.757396
27/08/2015,43.23,43.950001,42.93,43.900002,50943200,42.728198
26/08/2015,42.009998,42.84,41.060001,42.709999,63408000,41.569959
25/08/2015,42.57,43.240002,40.389999,40.470001,70616600,39.389753
24/08/2015,40.450001,42.689999,39.720001,41.68,88753700,40.567454
21/08/2015,45.299999,45.48,43.07,43.07,70053100,41.920351
20/08/2015,46.07,46.470001,45.66,45.66,36238200,44.441217
19/08/2015,46.779999,47.080002,46.299999,46.610001,31485500,45.36586
18/08/2015,46.84,47.43,46.700001,47.27,23574100,46.008243
17/08/2015,46.810001,47.450001,46.57,47.32,21099700,45.755182
14/08/2015,46.529999,47.099998,46.52,47,21473400,45.445765
13/08/2015,47.060001,47.099998,46.490002,46.73,22627200,45.184693
12/08/2015,46.189999,46.900002,45.709999,46.740002,30181400,45.194364
11/08/2015,46.82,46.939999,45.900002,46.41,29237400,44.875275
10/08/2015,46.950001,47.490002,46.84,47.330002,23079900,45.764854
07/08/2015,46.389999,46.779999,46.259998,46.740002,19163000,45.194364
06/08/2015,47.709999,47.77,46.330002,46.619999,27368000,45.07833
05/08/2015,47.98,48.41,47.540001,47.580002,26959700,46.006587
04/08/2015,46.75,47.709999,46.68,47.540001,33403900,45.967908
03/08/2015,46.98,47,46.450001,46.810001,24125900,45.262049
31/07/2015,47.290001,47.369999,46.5,46.700001,31201500,45.155686
30/07/2015,46.259998,47.400002,45.93,46.880001,39777900,45.329734
29/07/2015,45.400002,46.779999,45.259998,46.290001,40945900,44.759244
28/07/2015,45.580002,45.639999,44.790001,45.34,34328900,43.840659
27/07/2015,45.939999,46.009998,45.25,45.349998,39701400,43.850327
24/07/2015,45.91,46.32,45.799999,45.939999,32333200,44.420816
23/07/2015,45.27,46.23,45.099998,46.110001,33934000,44.585197
22/07/2015,45.439999,46.93,45.200001,45.540001,59152400,44.034046
21/07/2015,46.779999,47.330002,46.48,47.279999,42781900,45.716504
20/07/2015,46.650002,47.130001,46.439999,46.919998,30631900,45.368408
17/07/2015,46.549999,46.779999,46.259998,46.619999,29467100,45.07833
16/07/2015,46.009998,46.689999,45.970001,46.66,26271700,45.117008
15/07/2015,45.68,45.889999,45.43,45.759998,26629600,44.246768
14/07/2015,45.450001,45.959999,45.310001,45.619999,22880300,44.111399
13/07/2015,44.98,45.619999,44.950001,45.540001,28178300,44.034046
10/07/2015,45.009998,45.139999,44.57,44.610001,25465800,43.1348
09/07/2015,44.75,45.220001,44.5,44.52,32424700,43.047776
08/07/2015,44.439999,44.900002,44.029999,44.240002,39785900,42.777036
07/07/2015,44.34,44.490002,43.32,44.299999,36435800,42.83505
06/07/2015,43.959999,44.48,43.950001,44.389999,23034000,42.922074
02/07/2015,44.48,44.75,44.060001,44.400002,21752000,42.931745
01/07/2015,44.459999,45.23,44.099998,44.450001,28343900,42.980091
30/06/2015,44.709999,44.720001,43.939999,44.150002,35945400,42.690012
29/06/2015,45.040001,45.23,44.360001,44.369999,34081700,42.902735
26/06/2015,45.650002,46.279999,45.029999,45.259998,49835300,43.763303
25/06/2015,46.029999,46.060001,45.5,45.650002,20616000,44.140409
24/06/2015,45.669998,46.25,45.549999,45.639999,34890900,44.130738
23/06/2015,46.130001,46.279999,45.619999,45.91,25896500,44.39181
22/06/2015,46.330002,46.720001,46.16,46.23,20318100,44.701227
19/06/2015,46.790001,46.830002,45.990002,46.099998,63837000,44.575525
18/06/2015,46.220001,46.799999,46.169998,46.720001,32658300,45.175025
17/06/2015,45.73,46.07,45.360001,45.970001,28704100,44.449827
16/06/2015,45.349998,46.240002,45.299999,45.830002,27070300,44.314457
15/06/2015,45.450001,45.650002,45.02,45.48,33254500,43.976029
12/06/2015,46.220001,46.470001,45.900002,45.970001,23931000,44.449827
11/06/2015,46.66,46.919998,46.130001,46.439999,27347800,44.904282
10/06/2015,45.790001,46.830002,45.689999,46.610001,28417400,45.068662
09/06/2015,45.759998,45.939999,45.459999,45.650002,24406100,44.140409
08/06/2015,46.299999,46.43,45.669998,45.73,22121600,44.217762
05/06/2015,46.310001,46.52,45.84,46.139999,25438100,44.614203
04/06/2015,46.790001,47.16,46.200001,46.360001,27745500,44.826929
03/06/2015,47.369999,47.740002,46.82,46.849998,28002200,45.300724
02/06/2015,46.93,47.349998,46.619999,46.919998,21498300,45.368408
01/06/2015,47.060001,47.77,46.619999,47.23,28837300,45.668158
29/05/2015,47.43,47.57,46.59,46.860001,36519600,45.310395
28/05/2015,47.5,48.02,47.389999,47.450001,19283700,45.880884
27/05/2015,46.82,47.77,46.619999,47.610001,27335600,46.035593
26/05/2015,46.830002,46.880001,46.189999,46.59,29581900,45.049323
22/05/2015,47.299999,47.349998,46.82,46.900002,25720600,45.349073
21/05/2015,47.279999,47.599998,47.009998,47.419998,22410700,45.851874
20/05/2015,47.389999,47.93,47.27,47.580002,25047900,46.006587
19/05/2015,47.560001,47.810001,47.18,47.580002,28574800,46.006587
18/05/2015,47.98,48.220001,47.610001,48.009998,24136500,46.122615
15/05/2015,48.869999,48.91,48.049999,48.299999,28642700,46.401215
14/05/2015,48.029999,48.82,48.029999,48.720001,32980900,46.804706
13/05/2015,48.189999,48.32,47.57,47.630001,34184600,45.757556
12/05/2015,46.849998,47.68,46.419998,47.349998,29928300,45.488561
11/05/2015,47.549999,47.91,47.369999,47.369999,24609400,45.507775
08/05/2015,47.549999,47.98,47.52,47.75,35364900,45.872838
07/05/2015,46.27,47.09,46.16,46.700001,32971700,44.864116
06/05/2015,47.57,47.77,46.02,46.279999,52433000,44.460625
05/05/2015,47.82,48.16,47.310001,47.599998,50369200,45.728733
04/05/2015,48.369999,48.869999,48.18,48.240002,34039500,46.343576
01/05/2015,48.580002,48.880001,48.400002,48.66,38937300,46.747063
30/04/2015,48.700001,49.540001,48.599998,48.639999,64725500,46.727849
29/04/2015,48.720001,49.310001,48.5,49.060001,47804600,47.13134
28/04/2015,47.779999,49.209999,47.700001,49.16,60730800,47.227407
27/04/2015,47.23,48.130001,47.220001,48.029999,59248200,46.141829
24/04/2015,45.66,48.139999,45.650002,47.869999,130933700,45.988119
23/04/2015,42.889999,43.610001,42.799999,43.34,46309500,41.636205
22/04/2015,42.669998,43.130001,42.549999,42.990002,25064300,41.299966
21/04/2015,43,43.150002,42.529999,42.639999,26013800,40.963723
20/04/2015,41.73,43.169998,41.68,42.91,46057700,41.223109
17/04/2015,41.669998,41.740002,41.16,41.619999,42387600,39.983821
16/04/2015,41.950001,42.34,41.82,42.16,22509700,40.502593
15/04/2015,41.759998,42.459999,41.68,42.259998,27343600,40.59866
14/04/2015,41.799999,42.029999,41.389999,41.650002,24244400,40.012644
13/04/2015,41.400002,42.060001,41.389999,41.759998,30276700,40.118317
10/04/2015,41.630001,41.950001,41.41,41.720001,28022000,40.079892
09/04/2015,41.25,41.619999,41.25,41.48,25723900,39.849325
08/04/2015,41.459999,41.689999,41.040001,41.419998,24753400,39.791683
07/04/2015,41.610001,41.91,41.310001,41.529999,28809400,39.897359
06/04/2015,40.34,41.779999,40.18,41.549999,39223700,39.916573
02/04/2015,40.66,40.740002,40.119999,40.290001,37487500,38.706108
01/04/2015,40.599998,40.759998,40.310001,40.720001,36865300,39.119204
31/03/2015,40.779999,41.029999,40.540001,40.66,34887200,39.061562
30/03/2015,41.099998,41.540001,40.91,40.959999,35049700,39.349767
27/03/2015,41.119999,41.43,40.830002,40.970001,34401400,39.359376
26/03/2015,41.220001,41.610001,40.919998,41.209999,37495600,39.589939
25/03/2015,42.919998,42.93,41.439999,41.459999,43469900,39.830111
24/03/2015,42.779999,43.169998,42.75,42.900002,25513300,41.213504
23/03/2015,42.880001,43.130001,42.779999,42.860001,26246100,41.175075
20/03/2015,42.560001,42.98,42.490002,42.880001,71904500,41.194289
19/03/2015,42.259998,42.59,42.220001,42.290001,33879100,40.627484
18/03/2015,41.43,42.830002,41.330002,42.5,44194800,40.829227
17/03/2015,41.369999,41.830002,41.150002,41.700001,31673400,40.060678
16/03/2015,41.470001,41.639999,41.279999,41.560001,35273500,39.926182
13/03/2015,40.700001,41.470001,40.610001,41.380001,58007700,39.753258
12/03/2015,41.330002,41.650002,40.860001,41.02,59992500,39.40741
11/03/2015,42.310001,42.369999,41.84,41.98,32215300,40.329669
10/03/2015,42.349998,42.709999,42.029999,42.029999,39159700,40.377703
09/03/2015,42.189999,43.130001,42.189999,42.849998,32108000,41.165466
06/03/2015,43,43.110001,42.150002,42.360001,36248800,40.694731
05/03/2015,43.07,43.240002,42.82,43.110001,23193500,41.415247
04/03/2015,43.009998,43.209999,42.880001,43.060001,25748700,41.367214
03/03/2015,43.560001,43.830002,43.09,43.279999,31748600,41.578562
02/03/2015,43.669998,44.189999,43.549999,43.880001,31924000,42.154977
27/02/2015,44.130001,44.200001,43.66,43.849998,33807700,42.126154
26/02/2015,43.990002,44.23,43.889999,44.060001,28957300,42.327901
25/02/2015,43.950001,44.09,43.799999,43.990002,29759800,42.260653
24/02/2015,44.150002,44.299999,43.919998,44.09,25271700,42.356721
23/02/2015,43.700001,44.189999,43.650002,44.150002,32518800,42.414363
20/02/2015,43.509998,43.880001,43.290001,43.860001,29721100,42.135763
19/02/2015,43.18,43.529999,43.049999,43.5,27603400,41.789915
18/02/2015,43.630001,43.700001,43.389999,43.529999,27111700,41.818734
17/02/2015,43.970001,44,43.189999,43.580002,33695700,41.866772
13/02/2015,43.380001,43.869999,43.150002,43.869999,40264900,41.847554
12/02/2015,42.66,43.09,42.509998,43.09,33268800,41.103514
11/02/2015,42.650002,42.650002,42.209999,42.380001,38262500,40.426247
10/02/2015,42.740002,42.77,42.18,42.599998,29670700,40.636102
09/02/2015,42.240002,42.740002,42.209999,42.360001,31381100,40.407168
06/02/2015,42.68,42.790001,42.150002,42.41,34311700,40.454863
05/02/2015,42.220001,42.639999,41.860001,42.450001,36548200,40.493019
04/02/2015,41.939999,42.209999,41.360001,41.84,41614800,39.91114
03/02/2015,41.630001,41.93,41.049999,41.599998,52082400,39.682203
02/02/2015,40.59,41.369999,40.23,41.279999,50352500,39.376956
30/01/2015,41.549999,41.580002,40.349998,40.400002,78004900,38.537527
29/01/2015,40.93,42.119999,40.790001,42.009998,63585300,40.073301
28/01/2015,42.740002,42.790001,41.16,41.189999,84507100,39.291104
27/01/2015,42.950001,43.200001,42.110001,42.66,169164000,40.693337
26/01/2015,47,47.130001,46.240002,47.009998,42525500,44.842797
23/01/2015,47.360001,47.389999,46.799999,47.18,26211600,45.004962
22/01/2015,46.380001,47.139999,46.080002,47.130001,35898000,44.957268
21/01/2015,45.939999,46.139999,45.48,45.919998,39081100,43.803047
20/01/2015,46.299999,46.650002,45.57,46.389999,36161900,44.251381
16/01/2015,45.310001,46.279999,45.169998,46.240002,35695300,44.108298
15/01/2015,46.220001,46.380001,45.41,45.48,32742300,43.383333
14/01/2015,45.959999,46.240002,45.619999,45.959999,29719600,43.841204
13/01/2015,46.970001,47.91,46.060001,46.360001,35270600,44.222765
12/01/2015,47.419998,47.540001,46.360001,46.599998,23651900,44.451699
09/01/2015,47.610001,47.82,46.900002,47.189999,23942800,45.014499
08/01/2015,46.75,47.75,46.720001,47.59,29645200,45.39606
07/01/2015,45.98,46.459999,45.490002,46.23,29114100,44.098757
06/01/2015,46.380001,46.75,45.540001,45.650002,36447900,43.545497
05/01/2015,46.369999,46.73,46.25,46.330002,39673900,44.194149
02/01/2015,46.66,47.419998,46.540001,46.759998,27913900,44.604322
31/12/2014,46.73,47.439999,46.450001,46.450001,21552500,44.308616
30/12/2014,47.439999,47.619999,46.84,47.02,16384700,44.852338
29/12/2014,47.700001,47.779999,47.259998,47.450001,14439500,45.262515
26/12/2014,48.41,48.41,47.82,47.880001,13197800,45.672692
24/12/2014,48.639999,48.639999,48.080002,48.139999,11437800,45.920704
23/12/2014,48.369999,48.799999,48.130001,48.450001,23648100,46.216414
22/12/2014,47.779999,48.119999,47.709999,47.98,26566000,45.768081
19/12/2014,47.630001,48.099998,47.169998,47.66,64551200,45.462833
18/12/2014,46.580002,47.52,46.34,47.52,40105600,45.329288
17/12/2014,45.049999,45.950001,44.900002,45.740002,34970900,43.631348
16/12/2014,45.900002,46.34,45.130001,45.16,47801400,43.078085
15/12/2014,47.200001,47.669998,46.549999,46.669998,29247800,44.518471
12/12/2014,46.779999,47.73,46.669998,46.950001,34248400,44.785566
11/12/2014,47.080002,47.740002,46.68,47.169998,29060400,44.995421
10/12/2014,47.580002,47.66,46.700001,46.900002,30431800,44.737871
09/12/2014,47.110001,47.919998,47.049999,47.59,24330500,45.39606
08/12/2014,48.259998,48.349998,47.450001,47.700001,26663100,45.50099
05/12/2014,48.82,48.970001,48.380001,48.419998,27313400,46.187795
04/12/2014,48.389999,49.060001,48.200001,48.84,30320400,46.588434
03/12/2014,48.439999,48.5,47.810001,48.080002,23534800,45.863473
02/12/2014,48.84,49.049999,48.200001,48.459999,25743000,46.225952
01/12/2014,47.880001,48.779999,47.709999,48.619999,31191600,46.378575
28/11/2014,47.950001,48.200001,47.610001,47.810001,21534400,45.605919
26/11/2014,47.490002,47.990002,47.279999,47.75,27163600,45.548684
25/11/2014,47.66,47.970001,47.450001,47.470001,28007900,45.281594
24/11/2014,47.990002,48,47.389999,47.59,35434200,45.39606
21/11/2014,49.02,49.049999,47.57,47.98,42883100,45.768081
20/11/2014,48,48.700001,47.869999,48.700001,21500700,46.454889
19/11/2014,48.66,48.75,47.93,48.220001,26176800,45.997018
18/11/2014,49.130001,49.330002,48.700001,48.740002,23995500,46.493046
17/11/2014,49.41,49.709999,49.139999,49.459999,30315500,46.884141
14/11/2014,49.740002,50.049999,49.389999,49.580002,29081700,46.997894
13/11/2014,48.810001,49.650002,48.709999,49.610001,26208800,47.026331
12/11/2014,48.560001,48.919998,48.52,48.779999,22722000,46.239555
11/11/2014,48.849998,48.950001,48.650002,48.869999,23445200,46.324868
10/11/2014,48.650002,49.150002,48.549999,48.889999,36370100,46.343827
07/11/2014,48.919998,48.919998,48.290001,48.68,28000600,46.144764
06/11/2014,47.860001,48.860001,47.790001,48.700001,33037800,46.163723
05/11/2014,47.799999,47.900002,47.259998,47.860001,22449600,45.36747
04/11/2014,47.299999,47.73,47.25,47.57,21530800,45.092572
03/11/2014,46.889999,47.459999,46.73,47.439999,23130400,44.969342
31/10/2014,46.939999,46.970001,46.48,46.950001,35849700,44.504863
30/10/2014,46.32,46.32,45.77,46.049999,30073900,43.651733
29/10/2014,46.439999,46.700001,46.34,46.619999,30276100,44.192047
28/10/2014,45.860001,46.5,45.77,46.490002,29024600,44.06882
27/10/2014,45.709999,46.099998,45.709999,45.91,30371300,43.519025
24/10/2014,46.830002,46.900002,45.18,46.130001,61076700,43.727568
23/10/2014,44.619999,45.450001,44.529999,45.02,45451900,42.675376
22/10/2014,45,45.07,44.23,44.380001,33570900,42.068708
21/10/2014,44.360001,44.98,44.189999,44.880001,36433800,42.542668
20/10/2014,43.060001,44.139999,42.810001,44.080002,34527900,41.784332
17/10/2014,43.200001,43.939999,42.790001,43.630001,40683300,41.357767
16/10/2014,42.529999,43.080002,42.220001,42.740002,49040400,40.514119
15/10/2014,43,43.389999,42.099998,43.220001,60218700,40.96912
14/10/2014,43.869999,44.380001,43.560001,43.73,38115700,41.452558
13/10/2014,43.82,44.560001,43.490002,43.650002,37100200,41.376726
10/10/2014,45.599998,46.119999,43.950001,44.029999,51978100,41.736933
09/10/2014,46.5,46.799999,45.740002,45.849998,34422800,43.462148
08/10/2014,45.48,46.889999,45.34,46.779999,33031000,44.343714
07/10/2014,45.860001,45.93,45.419998,45.529999,25723700,43.158814
06/10/2014,46.119999,46.299999,45.919998,46.09,20604000,43.689651
03/10/2014,45.98,46.299999,45.610001,46.09,32453200,43.689651
02/10/2014,45.830002,46.099998,45.639999,45.759998,25119400,43.376835
01/10/2014,46.27,46.529999,45.849998,45.900002,38088400,43.509547
30/09/2014,46.369999,46.48,46.009998,46.360001,33033100,43.945589
29/09/2014,45.98,46.560001,45.759998,46.439999,26091000,44.021421
26/09/2014,45.93,46.619999,45.759998,46.41,27078800,43.992985
25/09/2014,46.880001,47.09,46.029999,46.040001,33077400,43.642255
24/09/2014,46.630001,47.110001,46.34,47.080002,26582700,44.628093
23/09/2014,46.849998,46.98,46.470001,46.560001,33430300,44.135174
22/09/2014,47.299999,47.380001,46.98,47.060001,38686100,44.609134
19/09/2014,46.810001,47.57,46.599998,47.52,202522400,45.045177
18/09/2014,46.59,46.830002,46.459999,46.68,35556600,44.248924
17/09/2014,46.259998,46.689999,46.23,46.52,38311900,44.097257
16/09/2014,46.389999,46.849998,46.290001,46.759998,27910600,44.324755
15/09/2014,46.540001,46.709999,46.099998,46.240002,37667600,43.83184
12/09/2014,46.91,47.02,46.599998,46.700001,38244700,44.267883
11/09/2014,46.740002,47,46.470001,47,29216400,44.552258
10/09/2014,46.82,46.939999,46.279999,46.84,27302400,44.400591
09/09/2014,46.470001,46.970001,46.419998,46.759998,40302400,44.324755
08/09/2014,46.02,46.799999,45.990002,46.470001,45736700,44.049861
05/09/2014,45.110001,45.93,45.110001,45.91,36939400,43.519025
04/09/2014,44.740002,45.27,44.720001,45.259998,26475500,42.902875
03/09/2014,44.529999,45.110001,44.529999,44.959999,33684500,42.6185
02/09/2014,45.43,45.459999,44.849998,45.09,22976800,42.74173
29/08/2014,45.09,45.439999,44.860001,45.43,21607600,43.064023
28/08/2014,44.75,44.98,44.610001,44.880001,17657600,42.542668
27/08/2014,44.900002,45,44.759998,44.869999,21287900,42.533187
26/08/2014,45.310001,45.400002,44.939999,45.009998,14873100,42.665895
25/08/2014,45.400002,45.439999,45.040001,45.169998,16910000,42.817562
22/08/2014,45.349998,45.470001,45.07,45.150002,18294500,42.798607
21/08/2014,44.84,45.25,44.830002,45.220001,22285500,42.864961
20/08/2014,45.34,45.400002,44.900002,44.950001,24770500,42.609022
19/08/2014,44.970001,45.34,44.830002,45.330002,28139500,42.969233
18/08/2014,44.939999,45.110001,44.68,45.110001,26891100,42.495273
15/08/2014,44.580002,44.900002,44.400002,44.790001,41611300,42.193821
14/08/2014,44.080002,44.419998,44.009998,44.27,19313200,41.703962
13/08/2014,43.68,44.18,43.52,44.080002,22889500,41.524976
12/08/2014,43.040001,43.59,43,43.52,21431100,40.997435
11/08/2014,43.259998,43.450001,43.02,43.200001,20351600,40.695983
08/08/2014,43.23,43.32,42.91,43.200001,28942700,40.695983
07/08/2014,42.84,43.450001,42.650002,43.23,30314900,40.724243
06/08/2014,42.740002,43.169998,42.209999,42.740002,24634000,40.262647
05/08/2014,43.310001,43.459999,42.830002,43.080002,26266400,40.58294
04/08/2014,42.970001,43.470001,42.810001,43.369999,34277400,40.856128
01/08/2014,43.209999,43.25,42.599998,42.860001,31170300,40.37569
31/07/2014,43.380001,43.689999,43.080002,43.16,31537500,40.658301
30/07/2014,44.07,44.099998,43.290001,43.580002,31921400,41.053958
29/07/2014,43.91,44.09,43.639999,43.889999,27763100,41.345987
28/07/2014,44.360001,44.509998,43.93,43.970001,29684200,41.421352
25/07/2014,44.299999,44.66,44.299999,44.5,26737700,41.92063
24/07/2014,44.93,45,44.32,44.400002,30725300,41.826428
23/07/2014,45.450001,45.450001,44.619999,44.869999,52362900,42.269183
22/07/2014,45,45.150002,44.59,44.830002,43095800,42.231504
21/07/2014,44.560001,45.16,44.220001,44.84,37604400,42.240923
18/07/2014,44.650002,44.84,44.25,44.689999,43407500,42.099616
17/07/2014,45.450001,45.709999,44.25,44.529999,82180300,41.94889
16/07/2014,42.509998,44.310001,42.48,44.080002,63318000,41.524976
15/07/2014,42.330002,42.470001,42.029999,42.450001,28748700,39.989456
14/07/2014,42.220001,42.450001,42.040001,42.139999,21881100,39.697423
11/07/2014,41.700001,42.09,41.48,42.09,24083000,39.650322
10/07/2014,41.369999,42,41.049999,41.689999,21854700,39.273506
09/07/2014,41.98,41.990002,41.529999,41.669998,18445900,39.254665
08/07/2014,41.869999,42,41.610001,41.779999,31218200,39.358289
07/07/2014,41.75,42.119999,41.709999,41.990002,21952400,39.55612
03/07/2014,41.91,41.990002,41.560001,41.799999,15969300,39.37713
02/07/2014,41.73,41.900002,41.529999,41.900002,20208100,39.471336
01/07/2014,41.860001,42.150002,41.689999,41.869999,26917000,39.443073
30/06/2014,42.169998,42.209999,41.700001,41.700001,30805500,39.282928
27/06/2014,41.610001,42.290001,41.509998,42.25,74640000,39.801048
26/06/2014,41.93,41.939999,41.43,41.720001,23604400,39.301769
25/06/2014,41.700001,42.049999,41.459999,42.029999,20049100,39.593798
24/06/2014,41.830002,41.939999,41.560001,41.75,26509100,39.330029
23/06/2014,41.73,42,41.689999,41.990002,18743900,39.55612
20/06/2014,41.450001,41.830002,41.380001,41.68,47764900,39.264087
19/06/2014,41.57,41.77,41.330002,41.509998,19828200,39.103939
18/06/2014,41.610001,41.740002,41.18,41.650002,27097000,39.235827
17/06/2014,41.290001,41.91,40.34,41.68,22518600,39.264087
16/06/2014,41.040001,41.610001,41.040001,41.5,24205300,39.09452
13/06/2014,41.099998,41.57,40.860001,41.23,26310000,38.84017
12/06/2014,40.810001,40.880001,40.290001,40.580002,29818900,38.227848
11/06/2014,40.93,41.07,40.77,40.860001,18040000,38.491617
10/06/2014,41.029999,41.16,40.860001,41.110001,15117700,38.727126
09/06/2014,41.389999,41.48,41.02,41.27,15019200,38.877852
06/06/2014,41.48,41.66,41.240002,41.48,24060500,39.075679
05/06/2014,40.59,41.25,40.400002,41.209999,31865200,38.821329
04/06/2014,40.209999,40.369999,39.860001,40.32,23209000,37.982917
03/06/2014,40.599998,40.68,40.25,40.290001,18068900,37.954657
02/06/2014,40.950001,41.09,40.68,40.790001,18504300,38.425675
30/05/2014,40.450001,40.970001,40.25,40.939999,34567600,38.566978
29/05/2014,40.150002,40.349998,39.91,40.34,19888200,38.001758
28/05/2014,40.139999,40.189999,39.82,40.009998,25711500,37.690884
27/05/2014,40.259998,40.259998,39.810001,40.189999,26160600,37.860451
23/05/2014,40.369999,40.369999,40,40.119999,18020000,37.794509
22/05/2014,40.290001,40.349998,39.849998,40.099998,20201800,37.775667
21/05/2014,39.799999,40.349998,39.740002,40.349998,22398700,38.011177
20/05/2014,39.68,39.939999,39.459999,39.68,21320900,37.380014
19/05/2014,39.610001,39.82,39.459999,39.75,24537400,37.445956
16/05/2014,39.669998,39.84,39.27,39.830002,29867100,37.521321
15/05/2014,40.09,40.400002,39.509998,39.599998,37793200,37.304649
14/05/2014,40.299999,40.450001,40.049999,40.240002,18818700,37.907556
13/05/2014,39.919998,40.5,39.849998,40.419998,27004800,38.077119
12/05/2014,39.740002,40.02,39.650002,39.970001,22782600,37.389433
09/05/2014,39.540001,39.849998,39.369999,39.540001,29647600,36.987195
08/05/2014,39.34,39.900002,38.970001,39.639999,32120400,37.080737
07/05/2014,39.220001,39.509998,38.509998,39.419998,41744500,36.87494
06/05/2014,39.290001,39.349998,38.950001,39.060001,27112400,36.538185
05/05/2014,39.52,39.639999,39.299999,39.43,22460900,36.884296
02/05/2014,40.310001,40.34,39.66,39.689999,43416600,37.127508
01/05/2014,40.240002,40.360001,39.950001,40,28787400,37.417495
30/04/2014,40.400002,40.5,40.169998,40.400002,35458700,37.791672
29/04/2014,41.099998,41.189999,40.389999,40.509998,29636200,37.894567
28/04/2014,40.139999,41.290001,40.09,40.869999,50610200,38.231325
25/04/2014,40.290001,40.68,39.75,39.91,56876800,37.333306
24/04/2014,39.740002,39.970001,39.299999,39.860001,42381600,37.286535
23/04/2014,39.990002,39.990002,39.470001,39.689999,24602800,37.127508
22/04/2014,39.959999,40.139999,39.830002,39.990002,27056700,37.408142
21/04/2014,40.130001,40.150002,39.790001,39.939999,22221200,37.361368
17/04/2014,40.009998,40.200001,39.509998,40.009998,36689400,37.426848
16/04/2014,40.060001,40.419998,39.91,40.400002,30615800,37.791672
15/04/2014,39.34,39.959999,39.049999,39.75,33968700,37.183636
14/04/2014,39.110001,39.41,38.900002,39.18,32006600,36.650437
11/04/2014,39,39.790001,39,39.209999,34330200,36.678499
10/04/2014,40.439999,40.689999,39.09,39.360001,45960800,36.818816
09/04/2014,39.93,40.549999,39.880001,40.470001,27398700,37.857152
08/04/2014,39.75,39.93,39.200001,39.82,35918600,37.249116
07/04/2014,39.959999,40.27,39.740002,39.799999,37559600,37.230407
04/04/2014,41.25,41.389999,39.639999,39.869999,51409600,37.295887
03/04/2014,41.290001,41.290001,40.709999,41.009998,30139600,38.362285
02/04/2014,41.439999,41.66,41.169998,41.349998,28666700,38.680334
01/04/2014,41.150002,41.59,41.07,41.419998,32605000,38.745815
31/03/2014,40.43,41.5,40.400002,40.990002,46886300,38.34358
28/03/2014,39.790001,40.639999,39.68,40.299999,43472700,37.698126
27/03/2014,39.740002,39.970001,39.34,39.360001,35369200,36.818816
26/03/2014,40.48,40.709999,39.599998,39.790001,41977500,37.221054
25/03/2014,40.66,40.990002,39.959999,40.34,43193100,37.735544
24/03/2014,40.34,40.639999,39.860001,40.5,46098400,37.885214
21/03/2014,40.720001,40.939999,40.009998,40.16,80721800,37.567165
20/03/2014,39.25,40.650002,39.240002,40.330002,59269800,37.726191
19/03/2014,39.470001,39.549999,38.91,39.27,35597200,36.734626
18/03/2014,38.259998,39.900002,38.220001,39.549999,64063900,36.996548
17/03/2014,37.900002,38.41,37.790001,38.049999,20479600,35.593392
14/03/2014,37.650002,38.139999,37.509998,37.700001,27195600,35.26599
13/03/2014,38.419998,38.450001,37.639999,37.889999,32169700,35.443722
12/03/2014,37.799999,38.43,37.790001,38.27,30494100,35.799189
11/03/2014,37.869999,38.23,37.720001,38.02,25216400,35.56533
10/03/2014,37.990002,38.009998,37.720001,37.82,19006600,35.378241
07/03/2014,38.279999,38.360001,37.689999,37.900002,26591600,35.453078
06/03/2014,38.139999,38.240002,37.889999,38.150002,23582200,35.686938
05/03/2014,38.25,38.27,37.93,38.110001,20520100,35.649519
04/03/2014,38.200001,38.48,38.07,38.41,26802400,35.93015
03/03/2014,37.919998,38.130001,37.490002,37.779999,29717500,35.340823
28/02/2014,37.98,38.459999,37.82,38.310001,41215000,35.836607
27/02/2014,37.450001,37.889999,37.23,37.860001,33903400,35.41566
26/02/2014,37.580002,37.740002,37.189999,37.470001,41041800,35.05084
25/02/2014,37.610001,37.849998,37.349998,37.540001,30736500,35.11632
24/02/2014,37.689999,37.98,37.540001,37.689999,32085100,35.256634
21/02/2014,37.939999,38.349998,37.860001,37.98,38021300,35.527911
20/02/2014,37.57,37.869999,37.400002,37.75,27526100,35.312761
19/02/2014,37.220001,37.75,37.209999,37.509998,29750400,35.088255
18/02/2014,37.630001,37.779999,37.41,37.419998,32834000,35.004065
14/02/2014,37.389999,37.779999,37.330002,37.619999,31407500,34.929232
13/02/2014,37.330002,37.860001,37.330002,37.610001,37635500,34.919948
12/02/2014,37.349998,37.599998,37.299999,37.470001,27051800,34.789962
11/02/2014,36.880001,37.259998,36.860001,37.169998,32141400,34.511417
10/02/2014,36.630001,36.799999,36.290001,36.799999,26767000,34.167882
07/02/2014,36.32,36.59,36.009998,36.560001,33260500,33.94505
06/02/2014,35.799999,36.25,35.689999,36.18,35351800,33.592229
05/02/2014,36.290001,36.470001,35.799999,35.82,55814400,33.257977
04/02/2014,36.970001,37.189999,36.25,36.349998,54697900,33.750068
03/02/2014,37.740002,37.990002,36.43,36.48,64063100,33.870771
31/01/2014,36.950001,37.889999,36.560001,37.84,93162300,35.133497
30/01/2014,36.790001,36.880001,36.23,36.860001,35036300,34.223592
29/01/2014,35.98,36.880001,35.900002,36.66,52745900,34.037896
28/01/2014,36.119999,36.389999,35.75,36.27,36205500,33.675792
27/01/2014,36.869999,36.889999,35.98,36.029999,44420800,33.452956
24/01/2014,37.450001,37.549999,36.529999,36.810001,76395500,34.177169
23/01/2014,36.09,36.130001,35.52,36.060001,43954000,33.480813
22/01/2014,36.259998,36.32,35.75,35.93,21904300,33.36011
21/01/2014,36.82,36.82,36.060001,36.169998,31567300,33.582942
17/01/2014,36.830002,36.830002,36.150002,36.380001,46267500,33.777924
16/01/2014,36.689999,37,36.310001,36.889999,38018700,34.251445
15/01/2014,35.900002,36.790001,35.849998,36.759998,44812600,34.130742
14/01/2014,34.73,35.880001,34.630001,35.779999,41623300,33.220837
13/01/2014,35.990002,36.02,34.830002,34.98,45901900,32.478058
10/01/2014,35.900002,36.150002,35.75,36.040001,40548800,33.462243
09/01/2014,35.880001,35.91,35.400002,35.529999,36516300,32.988719
08/01/2014,36,36.139999,35.580002,35.759998,59971700,33.202267
07/01/2014,36.330002,36.490002,36.209999,36.41,35802800,33.805778
06/01/2014,36.849998,36.889999,36.110001,36.130001,43603700,33.545806
03/01/2014,37.200001,37.220001,36.599998,36.91,31134800,34.270015
02/01/2014,37.349998,37.400002,37.099998,37.16,30632200,34.502134
31/12/2013,37.400002,37.580002,37.220001,37.41,17503500,34.734253
30/12/2013,37.220001,37.380001,36.900002,37.290001,16290500,34.622837
27/12/2013,37.580002,37.619999,37.169998,37.290001,14563000,34.622837
26/12/2013,37.200001,37.490002,37.169998,37.439999,17612800,34.762106
24/12/2013,36.720001,37.169998,36.639999,37.080002,14243000,34.427858
23/12/2013,36.810001,36.889999,36.549999,36.619999,25128700,34.000757
20/12/2013,36.200001,36.93,36.189999,36.799999,62649100,34.167882
19/12/2013,36.509998,36.549999,36.080002,36.25,34160100,33.657222
18/12/2013,36.360001,36.599998,35.529999,36.580002,63192100,33.96362
17/12/2013,36.939999,37.110001,36.330002,36.52,45687700,33.90791
16/12/2013,36.73,37,36.540001,36.889999,31734200,34.251445
13/12/2013,37.419998,37.450001,36.619999,36.689999,40066100,34.065749
12/12/2013,37.639999,37.639999,37.18,37.220001,36012800,34.557844
11/12/2013,38.060001,38.299999,37.389999,37.610001,39853400,34.919948
10/12/2013,38.610001,38.900002,38.02,38.110001,37828600,35.384186
09/12/2013,38.560001,38.869999,38.369999,38.709999,30286000,35.94127
06/12/2013,38.419998,38.549999,37.990002,38.360001,36457300,35.616305
05/12/2013,38.849998,38.880001,37.18,38,116305000,35.282053
04/12/2013,38.209999,38.98,38.119999,38.939999,51983600,36.154818
03/12/2013,38.139999,38.490002,38.080002,38.310001,52109800,35.569882
02/12/2013,38.09,38.779999,38.060001,38.450001,42950400,35.699868
29/11/2013,37.82,38.290001,37.82,38.130001,22090400,35.402756
27/11/2013,37.57,37.759998,37.490002,37.599998,26002100,34.910662
26/11/2013,37.57,37.650002,37.349998,37.349998,34465300,34.678543
25/11/2013,37.93,37.950001,37.57,37.639999,30646800,34.947802
22/11/2013,37.529999,37.68,37.330002,37.57,27982000,34.882809
21/11/2013,37.27,37.529999,37.259998,37.400002,23064700,34.724969
20/11/2013,36.919998,37.41,36.860001,37.080002,32229900,34.427858
19/11/2013,36.849998,37.23,36.669998,36.740002,44275000,34.112176
18/11/2013,37.349998,37.580002,37.07,37.200001,53277500,34.279301
15/11/2013,37.950001,38.02,37.720001,37.84,50601300,34.869051
14/11/2013,37.869999,38.130001,37.720001,38.02,46183700,35.034919
13/11/2013,36.98,38.16,36.900002,38.16,44957600,35.163927
12/11/2013,37.380001,37.599998,37.200001,37.360001,31651600,34.426738
11/11/2013,37.689999,37.779999,37.349998,37.59,26872500,34.63868
08/11/2013,37.669998,37.779999,37.34,37.779999,36737800,34.813761
07/11/2013,37.959999,38.009998,37.43,37.5,60437400,34.555746
06/11/2013,37.240002,38.220001,37.060001,38.18,88948800,35.182357
05/11/2013,35.790001,36.709999,35.77,36.639999,51681900,33.763267
04/11/2013,35.59,35.98,35.549999,35.939999,28060700,33.118226
01/11/2013,35.669998,35.689999,35.389999,35.529999,40264600,32.740416
31/10/2013,35.66,35.689999,35.34,35.41,41682300,32.629839
30/10/2013,35.529999,35.790001,35.43,35.540001,36997700,32.749633
29/10/2013,35.630001,35.720001,35.259998,35.52,31702200,32.731203
28/10/2013,35.610001,35.73,35.27,35.57,38383600,32.777277
25/10/2013,35.880001,36.290001,35.470001,35.73,113494000,32.924714
24/10/2013,33.82,34.099998,33.57,33.720001,53209700,31.072528
23/10/2013,34.349998,34.490002,33.669998,33.759998,58600500,31.109385
22/10/2013,35.02,35.099998,34.52,34.580002,40438500,31.865007
21/10/2013,34.98,35.200001,34.91,34.990002,27433500,32.242816
18/10/2013,34.82,34.990002,34.330002,34.959999,41811700,32.215169
17/10/2013,34.450001,34.990002,34.369999,34.919998,31359200,32.178309
16/10/2013,34.599998,34.900002,34.560001,34.639999,35111600,31.920294
15/10/2013,34.669998,34.990002,34.470001,34.490002,47097800,31.782073
14/10/2013,33.900002,34.5,33.779999,34.450001,27757900,31.745213
11/10/2013,33.68,34.139999,33.68,34.130001,30033300,31.450337
10/10/2013,33.310001,33.889999,33.259998,33.759998,42875100,31.109385
09/10/2013,33.07,33.349998,32.959999,33.07,35878600,30.47356
08/10/2013,33.310001,33.330002,32.799999,33.009998,41017600,30.41827
07/10/2013,33.599998,33.709999,33.200001,33.299999,35069300,30.685502
04/10/2013,33.689999,33.990002,33.619999,33.880001,33008100,31.219966
03/10/2013,33.880001,34,33.419998,33.860001,38703800,31.201535
02/10/2013,33.360001,34.029999,33.290001,33.919998,46946800,31.256822
01/10/2013,33.349998,33.610001,33.299999,33.580002,36718700,30.94352
30/09/2013,33,33.310001,32.700001,33.279999,39839500,30.667071
27/09/2013,32.880001,33.75,32.869999,33.27,55348000,30.657858
26/09/2013,32.639999,33,32.59,32.77,28504000,30.197115
25/09/2013,32.490002,32.799999,32.400002,32.509998,28907500,29.957526
24/09/2013,32.869999,32.869999,32.150002,32.450001,40685000,29.902239
23/09/2013,32.540001,32.970001,32.5,32.740002,39826100,30.169471
20/09/2013,33.41,33.48,32.689999,32.790001,102904900,30.215545
19/09/2013,33.48,33.68,33.32,33.639999,42026600,30.998807
18/09/2013,32.990002,33.400002,32.830002,33.32,64099900,30.703932
17/09/2013,33.419998,33.470001,32.900002,32.93,84716500,30.344553
16/09/2013,33.380001,33.5,32.73,32.799999,52839700,30.224758
13/09/2013,32.77,33.07,32.509998,33.029999,40899000,30.4367
12/09/2013,32.720001,32.779999,32.59,32.689999,32860200,30.123394
11/09/2013,32.57,32.93,32.529999,32.740002,39087500,30.169471
10/09/2013,31.9,32.400002,31.790001,32.389999,56881200,29.846949
09/09/2013,31.219999,31.790001,31.200001,31.66,49628500,29.174264
06/09/2013,31.309999,31.389999,31.129999,31.15,75434900,28.704306
05/09/2013,31.1,31.440001,30.950001,31.23,71644900,28.778025
04/09/2013,31.389999,31.469999,31.110001,31.200001,142320600,28.750381
03/09/2013,31.75,32.07,31.290001,31.879999,154507000,29.376991
30/08/2013,33.369999,33.48,33.09,33.400002,42790200,30.777652
29/08/2013,32.93,33.599998,32.799999,33.549999,45284700,30.915873
28/08/2013,33.389999,33.599998,33,33.02,44257400,30.427487
27/08/2013,33.52,34.099998,33.150002,33.259998,58522300,30.648641
26/08/2013,34.400002,34.669998,34.029999,34.150002,72786800,31.468767
23/08/2013,35.169998,35.200001,34,34.75,225493800,32.021658
22/08/2013,32.189999,32.490002,32.099998,32.389999,31169900,29.846949
21/08/2013,31.610001,32.009998,31.540001,31.610001,37409100,29.128191
20/08/2013,31.440001,31.9,31.370001,31.620001,22979600,29.137406
19/08/2013,31.76,31.969999,31.379999,31.389999,27902500,28.925462
16/08/2013,31.790001,31.99,31.66,31.799999,32866300,29.303272
15/08/2013,32,32.18,30.84,31.790001,33338000,29.294058
14/08/2013,32.139999,33.360001,31.700001,32.349998,48519600,29.810089
13/08/2013,32.509998,32.549999,32.209999,32.23,39464100,29.699511
12/08/2013,32.459999,32.970001,32.459999,32.869999,25493700,30.077319
09/08/2013,32.77,32.900002,32.470001,32.700001,26800700,29.921764
08/08/2013,32.240002,33.07,32.049999,32.889999,59034400,30.09562
07/08/2013,31.540001,32.099998,31.25,32.060001,38078600,29.33614
06/08/2013,31.549999,31.67,31.379999,31.58,36331500,28.89692
05/08/2013,31.9,32,31.639999,31.700001,30984000,29.006726
02/08/2013,31.690001,31.9,31.57,31.889999,29199900,29.180582
01/08/2013,32.060001,32.09,31.6,31.67,42557900,28.979274
31/07/2013,31.969999,32.049999,31.709999,31.84,43898400,29.134831
30/07/2013,31.780001,32.119999,31.549999,31.85,45799500,29.143981
29/07/2013,31.469999,31.6,31.4,31.540001,28870700,28.86032
26/07/2013,31.26,31.620001,31.209999,31.620001,38633600,28.933523
25/07/2013,31.620001,31.65,31.25,31.389999,63213000,28.723063
24/07/2013,32.040001,32.189999,31.889999,31.959999,52803100,29.244634
23/07/2013,31.91,32.040001,31.709999,31.82,65810400,29.116529
22/07/2013,31.700001,32.009998,31.6,32.009998,79040700,29.290385
19/07/2013,32.400002,32.669998,31.02,31.4,248428500,28.732213
18/07/2013,35.720001,35.889999,35.220001,35.439999,49547100,32.428968
17/07/2013,36.34,36.389999,35.490002,35.740002,37285100,32.703483
16/07/2013,36.009998,36.43,35.959999,36.27,36378500,33.188452
15/07/2013,35.66,36.220001,35.580002,36.169998,34142600,33.096946
12/07/2013,35.580002,35.73,35.279999,35.669998,35501200,32.639427
11/07/2013,35,35.77,34.900002,35.689999,53638300,32.657728
10/07/2013,34.34,34.810001,34.32,34.700001,29658800,31.751842
09/07/2013,34.580002,34.599998,34.139999,34.349998,25318500,31.431576
08/07/2013,34.349998,34.59,33.98,34.330002,32396900,31.413278
05/07/2013,34.09,34.240002,33.580002,34.209999,26085900,31.303471
03/07/2013,33.66,34.369999,33.599998,34.009998,15994400,31.120463
02/07/2013,34.41,34.439999,33.630001,33.939999,37630000,31.05641
01/07/2013,34.75,34.990002,34.330002,34.360001,31055400,31.440728
28/06/2013,34.380001,34.790001,34.34,34.540001,65545500,31.605436
27/06/2013,34.52,34.779999,34.5,34.619999,28993100,31.678637
26/06/2013,34.119999,34.48,33.889999,34.349998,48665900,31.431576
25/06/2013,34.080002,34.380001,33.459999,33.669998,44073400,30.80935
24/06/2013,32.939999,34.200001,32.57,33.720001,56109000,30.855104
21/06/2013,33.66,33.73,33.049999,33.27,85338500,30.443336
20/06/2013,34.259998,34.330002,33.369999,33.490002,54493700,30.644646
19/06/2013,34.959999,35.09,34.59,34.59,30816200,31.651187
18/06/2013,34.970001,35.169998,34.900002,34.98,28616500,32.008051
17/06/2013,34.689999,35.16,34.630001,35,49670100,32.026353
14/06/2013,34.549999,34.689999,34.25,34.400002,53192600,31.477331
13/06/2013,34.990002,35.02,34.59,34.720001,45654900,31.770143
12/06/2013,35.139999,35.27,34.849998,35,37372700,32.026353
11/06/2013,35.049999,35.18,34.68,34.84,39435900,31.879947
10/06/2013,35.509998,35.650002,35.139999,35.470001,35994500,32.456422
07/06/2013,35.25,35.779999,35.060001,35.669998,40757300,32.639427
06/06/2013,34.84,35.110001,34.490002,34.959999,37618500,31.98975
05/06/2013,34.599998,34.889999,34.43,34.779999,46025100,31.825043
04/06/2013,35.619999,35.740002,34.77,34.990002,65529500,32.017204
03/06/2013,34.919998,35.630001,34.830002,35.59,51252600,32.566226
31/05/2013,34.82,35.279999,34.790001,34.900002,56165700,31.93485
30/05/2013,34.849998,35.25,34.810001,35.029999,51131000,32.053803
29/05/2013,34.740002,35.02,34.57,34.880001,38412200,31.916549
28/05/2013,34.419998,35.18,34.41,35.02,48212100,32.044654
24/05/2013,33.919998,34.279999,33.900002,34.27,33174400,31.358375
23/05/2013,34.23,34.549999,33.900002,34.150002,51102700,31.248571
22/05/2013,34.790001,34.84,34.360001,34.610001,66047500,31.669488
21/05/2013,35.099998,35.27,34.720001,34.849998,48702400,31.889095
20/05/2013,34.73,35.099998,34.68,35.080002,54020800,32.099557
17/05/2013,34.130001,34.869999,34.099998,34.869999,60666700,31.907397
16/05/2013,33.639999,34.150002,33.549999,34.080002,59382900,31.184519
15/05/2013,33.450001,33.900002,33.43,33.849998,46303900,30.974057
14/05/2013,32.860001,33.529999,32.799999,33.529999,56870100,30.681245
13/05/2013,32.610001,33.07,32.549999,33.029999,36027600,30.013267
10/05/2013,32.669998,32.720001,32.32,32.689999,36394900,29.70432
09/05/2013,32.849998,33,32.59,32.66,46417800,29.677061
08/05/2013,33.07,33.240002,32.650002,32.990002,51595700,29.976923
07/05/2013,33.650002,33.790001,33.240002,33.310001,43078300,30.267696
06/05/2013,33.419998,33.91,33.25,33.75,40978300,30.667508
03/05/2013,33.23,33.52,33.080002,33.490002,46784600,30.431256
02/05/2013,32.630001,33.169998,32.389999,33.16,46059500,30.131395
01/05/2013,32.93,33.080002,32.599998,32.720001,54330900,29.731582
30/04/2013,32.560001,33.110001,32.279999,33.099998,75165200,30.076873
29/04/2013,31.799999,32.68,31.77,32.610001,59116400,29.631628
26/04/2013,31.9,31.98,31.450001,31.790001,47799300,28.886522
25/04/2013,31.709999,32.84,31.540001,31.940001,110700200,29.022822
24/04/2013,30.620001,31.92,30.6,31.76,90946600,28.859261
23/04/2013,30.700001,30.9,30.379999,30.6,59126900,27.805208
22/04/2013,30.299999,31.18,30.27,30.83,137904000,28.014201
19/04/2013,29.620001,30.24,29.610001,29.77,99790700,27.051014
18/04/2013,28.950001,28.98,28.5,28.790001,56906600,26.160521
17/04/2013,28.85,29.040001,28.6,28.83,52840700,26.196867
16/04/2013,28.9,29.139999,28.700001,28.969999,52797300,26.32408
15/04/2013,28.65,28.98,28.51,28.690001,56332900,26.069654
12/04/2013,28.85,29.02,28.66,28.790001,62886300,26.160521
11/04/2013,29.1,29.200001,28.73,28.940001,130923200,26.296821
10/04/2013,29.57,30.32,29.52,30.280001,71116700,27.514435
09/04/2013,28.73,29.82,28.68,29.610001,77733800,26.905628
08/04/2013,28.73,28.73,28.469999,28.59,34759500,25.978787
05/04/2013,28.219999,28.780001,28.110001,28.700001,50927300,26.078741
04/04/2013,28.389999,28.610001,28.27,28.6,45263200,25.987874
03/04/2013,28.75,28.950001,28.540001,28.559999,35062800,25.951526
02/04/2013,28.59,28.85,28.52,28.799999,28456500,26.169606
01/04/2013,28.639999,28.66,28.360001,28.610001,29201100,25.996961
28/03/2013,28.32,28.66,28.26,28.610001,55453800,25.996961
27/03/2013,28.139999,28.450001,28.08,28.370001,36047400,25.778881
26/03/2013,28.24,28.34,28.110001,28.16,27824300,25.58806
25/03/2013,28.299999,28.35,27.959999,28.16,44154000,25.58806
22/03/2013,28.190001,28.34,28.1,28.25,28720900,25.66984
21/03/2013,28.110001,28.360001,28.049999,28.110001,34233200,25.542627
20/03/2013,28.34,28.49,28.18,28.32,35447800,25.733447
19/03/2013,28.120001,28.219999,28.030001,28.18,51901600,25.606234
18/03/2013,27.879999,28.280001,27.809999,28.1,44809400,25.53354
15/03/2013,28.030001,28.16,27.98,28.040001,92710300,25.479021
14/03/2013,28,28.16,27.93,28.139999,55914800,25.569886
13/03/2013,27.870001,28.02,27.75,27.92,29093400,25.36998
12/03/2013,27.84,27.950001,27.639999,27.91,39255200,25.360893
11/03/2013,27.940001,27.969999,27.67,27.870001,36627500,25.324548
08/03/2013,28.25,28.33,27.959999,28,37667800,25.442673
07/03/2013,28.110001,28.280001,28.01,28.139999,29196700,25.569886
06/03/2013,28.209999,28.23,27.780001,28.09,51448500,25.524454
05/03/2013,28.290001,28.540001,28.16,28.35,41432200,25.760707
04/03/2013,27.85,28.15,27.700001,28.15,38157500,25.578973
01/03/2013,27.719999,27.98,27.52,27.950001,34849700,25.397241
28/02/2013,27.879999,27.969999,27.74,27.799999,35840200,25.260939
27/02/2013,27.42,28,27.33,27.809999,36394700,25.270026
26/02/2013,27.379999,27.6,27.34,27.370001,49923300,24.870214
25/02/2013,27.969999,28.049999,27.370001,27.370001,48011800,24.870214
22/02/2013,27.68,27.76,27.48,27.76,31425900,25.224594
21/02/2013,27.74,27.74,27.23,27.49,49078500,24.979253
20/02/2013,28.129999,28.200001,27.83,27.870001,44110200,25.324548
19/02/2013,27.879999,28.09,27.799999,28.049999,38781400,25.488106
15/02/2013,28.040001,28.16,27.879999,28.01,49650900,25.242767
14/02/2013,27.92,28.059999,27.870001,28.040001,32663200,25.269804
13/02/2013,27.93,28.110001,27.879999,28.030001,41715600,25.260792
12/02/2013,27.879999,28,27.75,27.879999,35990900,25.12561
11/02/2013,27.65,27.92,27.5,27.860001,32247700,25.107587
08/02/2013,27.35,27.709999,27.309999,27.549999,33318500,24.828212
07/02/2013,27.35,27.389999,27.1,27.280001,38028300,24.584888
06/02/2013,27.379999,27.540001,27.25,27.34,41889600,24.63896
05/02/2013,27.620001,27.66,27.360001,27.5,35410400,24.783152
04/02/2013,27.870001,28.02,27.42,27.440001,50540000,24.72908
01/02/2013,27.67,28.049999,27.549999,27.93,55565900,25.170671
31/01/2013,27.790001,27.969999,27.4,27.450001,50530000,24.738093
30/01/2013,28.01,28.190001,27.76,27.85,43580500,25.098575
29/01/2013,27.82,28.129999,27.6,28.01,49242600,25.242767
28/01/2013,28.01,28.23,27.76,27.91,56056500,25.152646
25/01/2013,27.58,28.23,27.389999,27.879999,81847700,25.12561
24/01/2013,27.700001,28.07,27.469999,27.629999,101739300,24.900308
23/01/2013,27.200001,27.639999,27.200001,27.610001,50387700,24.882286
22/01/2013,27.299999,27.450001,27,27.15,58650600,24.46773
18/01/2013,27.1,27.290001,27.040001,27.25,52167700,24.557851
17/01/2013,27.190001,27.469999,27.059999,27.25,51685900,24.557851
16/01/2013,27.15,27.23,27.01,27.040001,41077400,24.368599
15/01/2013,26.83,27.290001,26.83,27.209999,48244500,24.521802
14/01/2013,26.9,27.08,26.76,26.889999,48324400,24.233416
11/01/2013,26.49,26.93,26.280001,26.83,55512100,24.179345
10/01/2013,26.65,26.98,26.290001,26.459999,71431300,23.845898
09/01/2013,26.719999,26.75,26.559999,26.700001,49047900,24.062189
08/01/2013,26.75,26.790001,26.459999,26.549999,44703100,23.927006
07/01/2013,26.77,26.879999,26.639999,26.690001,37110400,24.053176
04/01/2013,27.27,27.34,26.73,26.74,52521100,24.098236
03/01/2013,27.629999,27.65,27.16,27.25,48294400,24.557851
02/01/2013,27.25,27.73,27.15,27.620001,52899300,24.891298
31/12/2012,26.59,26.77,26.370001,26.709999,42749500,24.071199
28/12/2012,26.709999,26.9,26.549999,26.549999,28239900,23.927006
27/12/2012,26.889999,27.09,26.57,26.959999,39394000,24.296501
26/12/2012,27.030001,27.200001,26.700001,26.860001,31631100,24.206381
24/12/2012,27.200001,27.25,27,27.059999,20842400,24.386621
21/12/2012,27.450001,27.49,27,27.450001,98776500,24.738093
20/12/2012,27.360001,27.68,27.15,27.68,52607300,24.94537
19/12/2012,27.690001,27.73,27.25,27.309999,53519900,24.611923
18/12/2012,27.25,27.629999,27.139999,27.559999,50486900,24.837224
17/12/2012,26.790001,27.219999,26.68,27.1,42046100,24.42267
14/12/2012,27.110001,27.129999,26.700001,26.809999,42077500,24.16132
13/12/2012,27.32,27.52,26.950001,27.110001,45080100,24.431683
12/12/2012,27.530001,27.620001,27.08,27.24,43966300,24.548839
11/12/2012,27.049999,27.49,27.049999,27.32,52282800,24.620935
10/12/2012,26.559999,26.969999,26.52,26.940001,47031100,24.278478
07/12/2012,26.82,26.82,26.370001,26.459999,46162100,23.845898
06/12/2012,26.809999,26.98,26.610001,26.73,39182300,24.089224
05/12/2012,26.379999,26.93,26.26,26.67,68283800,24.035152
04/12/2012,26.5,26.629999,26.34,26.370001,49777500,23.764791
03/12/2012,26.780001,26.82,26.4,26.43,53173800,23.818863
30/11/2012,27.049999,27.129999,26.49,26.620001,83690200,23.990092
29/11/2012,27.110001,27.360001,26.860001,26.950001,69551400,24.28749
28/11/2012,27.01,27.389999,26.77,27.360001,53018400,24.656984
27/11/2012,27.360001,27.379999,27.040001,27.08,45018600,24.404646
26/11/2012,27.540001,27.58,27.17,27.389999,85198700,24.684019
23/11/2012,27.23,27.77,27.200001,27.700001,57845700,24.963394
21/11/2012,26.709999,27.17,26.67,26.950001,66360300,24.28749
20/11/2012,26.76,26.799999,26.459999,26.709999,47070400,24.071199
19/11/2012,26.799999,26.799999,26.469999,26.73,57179300,24.089224
16/11/2012,26.67,26.700001,26.34,26.52,64083300,23.899971
15/11/2012,26.879999,26.969999,26.629999,26.66,50955600,24.02614
14/11/2012,27.24,27.290001,26.799999,26.84,76086100,24.188357
13/11/2012,27.02,27.299999,26.75,27.09,131689200,24.413658
12/11/2012,28.940001,29.01,28.209999,28.219999,61112300,25.224742
09/11/2012,28.879999,29.190001,28.809999,28.83,43291200,25.769997
08/11/2012,29.120001,29.370001,28.799999,28.809999,49841800,25.752119
07/11/2012,29.530001,29.83,29.049999,29.08,57871800,25.993462
06/11/2012,29.82,30.200001,29.610001,29.860001,43401500,26.690674
05/11/2012,29.620001,29.74,29.33,29.629999,38070800,26.485085
02/11/2012,29.59,29.77,29.33,29.5,57131600,26.368884
01/11/2012,28.84,29.559999,28.82,29.52,72047900,26.386761
31/10/2012,28.549999,28.879999,28.5,28.540001,69464100,25.510778
26/10/2012,27.860001,28.34,27.84,28.209999,57790000,25.215803
25/10/2012,28.190001,28.200001,27.860001,27.879999,54084300,24.920829
24/10/2012,28.16,28.200001,27.870001,27.9,53320400,24.938706
23/10/2012,27.77,28.200001,27.76,28.049999,64414800,25.072785
22/10/2012,28.73,28.83,27.83,28,83374000,25.028093
19/10/2012,29.049999,29.08,28.5,28.639999,90470800,25.600163
18/10/2012,29.65,29.73,29.26,29.5,59238500,26.368884
17/10/2012,29.299999,29.639999,29.09,29.59,44206100,26.449331
16/10/2012,29.450001,29.74,29.32,29.49,47739400,26.359945
15/10/2012,29.370001,29.719999,29.25,29.51,42440200,26.377822
12/10/2012,28.969999,29.32,28.799999,29.200001,46464700,26.100726
11/10/2012,29.219999,29.25,28.870001,28.950001,41488500,25.877261
10/10/2012,29.15,29.309999,28.950001,28.98,47227100,25.904076
09/10/2012,29.68,29.74,29.18,29.280001,45121100,26.172235
08/10/2012,29.639999,29.92,29.549999,29.780001,29752000,26.619165
05/10/2012,30.23,30.25,29.74,29.85,41133900,26.681735